LCSC Part Number,Manufacture Part Number,Manufacturer,Package,Quantity,Description,Approx Price (EUR),Replaces (old LCSC#)
C49393423,TYPE-C-621Z-WDR,XUNPU,Through Hole,2,,7.22,
C12624,KT-0603G,Hubei KENTO Elec,0603,50,LED EMERALD GREEN WATER CLEAR 0603 SMD,0.55,
C357261,TMPC1206HP-220MG-D,TAI-TECH,"SMD,13.5x12.5mm",6,"FIXED IND 22uH 8A 34mΩ SMD,13.5x12.5mm",3.39,C2041465
C19188369,SL4882A,Slkor,SOP-8,10,MOSFET N-CH ARR 40V 8A SOP-8,1.51,C477943
C2959840,TP3USB30M10,TECH PUBLIC,MSOP-10,4,"DPDT ANALOG SWITCH LOW-POWER, TWO-PORT, HIGH-SPEED, USB2.0 (480Mbps)",1.97,C131998
C9006,X322525MOB4SI,YXC Crystal Oscillators,SMD3225-4P,5,CRYSTAL 25MHz 12pF SMD,0.42,
C2836441,RVT220UF35V67RV0024,KNSCHA,"SMD,D8xL10.2mm",5,CAP ALUM 220uF ±20% 35V SMD,0.38,
C136617,GL850G-HHY22,GENESYS,SSOP-28-208mil,2,USB 2.0 Hub Controller,1.11,
C9002,X322512MSB4SI,YXC Crystal Oscillators,SMD3225-4P,5,CRYSTAL 12MHz 20pF SMD,0.43,
C341063,YNR6045-2R2N,YJYCOIN,"SMD,6x6mm",5,"FIXED IND 2.2uH 4.6A 14mΩ SMD,6x6mm",0.34,C1332316
C7501880,HC-USB3.0-L175-2X1-J,Hong Cheng,"Through Hole,Right Angle",5,CONN RCPT USB 3.0 Type-A 9POSx2 TH R/A,1.29,
C53121393,HMT-TYPE-C-24PIN,HMTCONN,SMD,3,,1.14,
C8678,SS34,MDD(Microdiode Semiconductor),SMA(DO-214AC),20,DIODE SCHOTTKY 40V SMA(DO-214AC),0.62,
C3095964,PJ-102BH,CUI,Through Hole,1,CONN PWR JACK 2.5mm x 6.5mm,1.23,
C5441153,FS4485,FOSAN,SOP-8,5,MOSFET P-CH 40V 11A SOP-8,0.67,C51499
C55067983,AO4406A(ES),ElecSuper,SOP-8,10,,0.71,C334232
C2044314,SRN6045TA-220M,BOURNS,"SMD,6x6mm",5,"FIXED IND 22uH 2.3A 96mΩ SMD,6x6mm",1.56,
C82475,BZX84C12LT1G,onsemi,SOT-23,10,DIODE ZENER 12V 250mW SOT-23,0.34,
C2925521,SMBJ24A,Liown,SMB(DO-214AA),10,TVS DIODE 24VWM 38.9VC SMB(DO-214AA),0.41,C87268
C3161518,3413.0327.22,SCHURTER,1206,1,,0.46,C187562
C5187096,CH32V003F4P6,WCH,TSSOP-20-175mil,5,QingKe V2 Microprocessor,1.29,
C1850354,TPS54560BDDAR,TI,SO-8,2,"4.5V to 60V input, 5A step-down DC/DC converter",1.88,
C394874,GL3523-ONY30,GENESYS,QFN-48-EP(6x6),1,GL3523-30 USB 3.1 Gen 1 Hub Controller,2.29,
C150746,AP7333-33SAG-7,DIODES,SOT-23,5,"300mA, Low Quiescent Current, Fast Transient, Low Dropout Linear Regulator",0.56,
C390630,GL3523-OTY30,GENESYS,QFN-76-EP(9x9),1,USB 3.1 Gen 1 Hub Controller,2.21,
C22975,0603WAF2001T5E,UNI-ROYAL,0603,100,RES 2kΩ ±1% 100mW 0603,0.21,
C54799640,MS151M250E5R8R4Z00ZZ,ChuangHui,"SMD,D6.3xL5.8mm",5,,0.42,C48970681
C31597039,MPD680M1ED19040R,Ymin,"SMD,7.3x4.3mm",2,,1.67,
C190579,0402CG331J500NT,FH,0402,100,CAP CER 330pF 50V C0G 0402,0.37,
C466223,TCC0402C0G101J500AT,CCTC,0402,100,CAP CER 100pF 50V C0G 0402,0.32,C1546
C544517,HD3SS3212IRKSR,TI,DHVQFN-20-EP(2.5x4.5),3,Dual-channel differential 2:1/1:2 USB 3.1 multiplexer/demultiplexer,4.18,
C14675,RC0603FR-07100KL,YAGEO,0603,100,RES 100kΩ ±1% 100mW 0603,0.23,C25803
C6119818,CGA0603X5R105K250JT,HRE,0603,50,CAP CER 1uF 25V X5R 0603,0.44,C5673
C1525,CL05B104KO5NNNC,Samsung Electro-Mechanics,0402,100,CAP CER 100nF 16V X7R 0402,0.40,
C21189,0603WAF0000T5E,UNI-ROYAL,0603,100,RES 0Ω ±1% 100mW 0603,0.20,
C2988648,HoLLR1206-1W-5mR-1%,Milliohm,1206,10,RES 5mΩ ±1% 1W 1206,0.49,
C123538,0603N180J500CT,Walsin,0603,50,CAP CER 18pF 50V NP0 0603,0.31,C1647
C18220913,CSA0603C0G330J500JT,HRE,0603,100,CAP CER 33pF 50V C0G 0603,0.44,C1663
C107082,CC0603KRX7R9BB222,YAGEO,0603,50,CAP CER 2.2nF 50V X7R 0603,0.38,C1604
C2889048,CMFA 103F3435,Nanjing Shiheng Elec,0603,20,THERMISTOR NTC 10kΩ 3435K 0603,0.66,
C216905,CR-03FL7----1K,Viking,0603,100,RES 1kΩ ±1% 100mW 0603,0.21,C21190
C432929,C3225X7R1H106KT000E,TDK,1210,10,CAP CER 10uF 50V X7R 1210,2.00,C77102
C19666,CL10A475KO8NNNC,Samsung Electro-Mechanics,0603,10,CAP CER 4.7uF 16V X5R 0603,0.27,
C163879,WR06X2002FTL,Walsin,0603,100,RES 20kΩ ±1% 100mW 0603,0.16,C4184
C55530,CL32B226KOJNNNE,Samsung Electro-Mechanics,1210,5,CAP CER 22uF 16V X7R 1210,0.87,
C187860,C0603X104K050T,IHHEC,0603,50,CAP CER 100nF 50V X7R 0603,0.49,C14663
C23228,0603WAF6800T5E,UNI-ROYAL,0603,100,RES 680Ω ±1% 100mW 0603,0.19,
C163914,WR06X4701FTL,Walsin,0603,100,RES 4.7kΩ ±1% 100mW 0603,0.20,C23162
C23186,0603WAF5101T5E,UNI-ROYAL,0603,100,RES 5.1kΩ ±1% 100mW 0603,0.13,
C103703,RTT035232FTP,RALEC,0603,100,RES 52.3kΩ ±1% 100mW 0603,0.17,C23198
C2759758,CQ03WAF1302T5E,UNI-ROYAL,0603,100,RES 13kΩ ±1% 100mW 0603,0.16,C22797
C49656007,GR0603F78K7T5G00,GiantOhm,0603,100,RES 78.7kΩ ±1% 100mW 0603,0.13,C23109
C246851,0603WAF3243T5E,UNI-ROYAL,0603,100,RES 324kΩ ±1% 100mW 0603,0.17,
C2836878,FS32X105K500ECG,PSA,1210,5,CAP CER 1uF 50V X7R 1210,0.37,C141220
C103444,RTT032373FTP,RALEC,0603,100,RES 237kΩ ±1% 100mW 0603,0.15,C22914
C25804,0603WAF1002T5E,UNI-ROYAL,0603,100,RES 10kΩ ±1% 100mW 0603,0.17,C98220
C2918511,CS3225X7R226K250NRL,SAMWHA,1210,10,CAP CER 22uF 25V X7R 1210,1.62,C309062
C7432791,HGC1210R5476M250NSVK,Chinocera,1210,12,CAP CER 47uF 25V X5R 1210,3.16,C90142
C2827654,USBLC6-2SC6,TECH PUBLIC,SOT-23-6,20,ESD DIODE 5VWM 12VC SOT-23-6,0.80,
